{
    "Ahmedabad": 253.60218636215635,
    "Amritsar": 252.4639274488214,
    "Bangalore": 258.36545603298777,
    "Bhopal": 256.4689450820802,
    "Bhubaneswar": 254.89726380258446,
    "Bilaspur": 251.92181917397457,
    "Chennai": 256.7943818449266,
    "Coimbatore": 256.4755137027892,
    "Cuttack": 250.84551647630846,
    "Dehradun": 256.85375203725926,
    "Durgapur": 254.10765460212733,
    "Dwarka": 253.47214550961237,
    "Faridabad": 254.85799735268787,
    "Gaya": 257.0140518985646,
    "Gurgaon": 254.0365052688551,
    "Guwahati": 253.0184553301034,
    "Haridwar": 252.5091574374117,
    "Hyderabad": 256.56255537486265,
    "Indore": 255.4006295522579,
    "Jaipur": 255.23582615763706,
    "Jamshedpur": 252.65665352043513,
    "Jodhpur": 253.95809526455113,
    "Kochi": 257.3710625142857,
    "Kolkata": 253.9255036154696,
    "Lucknow": 256.18677850781125,
    "Ludhiana": 253.18195393338547,
    "Mangalore": 256.8648583723276,
    "Mumbai": 252.1161815495411,
    "Mysore": 256.79578999397734,
    "Nagpur": 255.50982521220658,
    "New Delhi": 251.66069862691228,
    "Noida": 256.26051725066714,
    "Patna": 252.82312516335926,
    "Pune": 256.4515160508788,
    "Raipur": 253.49996589925317,
    "Ranchi": 254.6239256051241,
    "Silchar": 252.6070749391144,
    "Surat": 258.02472082399873,
    "Trivandrum": 251.3117789563833,
    "Vijayawada": 254.64288258907513,
    "Vishakhapatnam": 255.75337494435513,
    "Warangal": 254.47686858372606
}