{
    "Andhra Pradesh": 255.19542780546675,
    "Assam": 252.78643892093095,
    "Bihar": 254.91770212593607,
    "Chhattisgarh": 252.68397510810811,
    "Delhi": 252.53806083970795,
    "Gujarat": 255.78529717310738,
    "Haryana": 254.44635495810417,
    "Jharkhand": 253.61404251412608,
    "Karnataka": 257.39715509876544,
    "Kerala": 254.36820792071467,
    "Madhya Pradesh": 255.95596053931686,
    "Maharashtra": 254.70580566653422,
    "Odisha": 252.84560856979027,
    "Punjab": 252.8039991009072,
    "Rajasthan": 254.60016083376163,
    "Tamil Nadu": 256.6554935485448,
    "Telangana": 255.53140699833187,
    "Uttar Pradesh": 256.24329851106864,
    "Uttarakhand": 254.6768737711736,
    "West Bengal": 254.0109211412563
}